"Rank","Name","Symbol","marketcap","price (USD)","country"
"1","Eli Lilly","LLY","934811729920","1042.78","United States"
"2","Johnson & Johnson","JNJ","486232129536","201.815","United States"
"3","AbbVie","ABBV","388320886784","219.715","United States"
"4","Roche","ROG.SW","327172579618","407.816","Switzerland"
"5","AstraZeneca","AZN","279268065280","90.07","United Kingdom"
"6","Merck","MRK","267375214592","107.045","United States"
"7","Novartis","NVS","261301092352","136.18","Switzerland"
"8","Novo Nordisk","NVO","239881240576","53.985","Denmark"
"9","Thermo Fisher Scientific","TMO","226041004032","601.64","United States"
"10","Amgen","AMGN","172339707904","320.048","United States"
"11","Gilead Sciences","GILD","145441177600","117.215","United States"
"12","Pfizer","PFE","142207516672","25.0114","United States"
"13","Vertex Pharmaceuticals","VRTX","114605342720","446.995","United States"
"14","Sanofi","SNY","114427871232","47.23","France"
"15","Bristol-Myers Squibb","BMY","106276495360","52.205","United States"
"16","GlaxoSmithKline","GSK","98885099520","48.86","United Kingdom"
"17","Chugai Pharmaceutical","4519.T","89484031053","54.3743","Japan"
"18","Regeneron Pharmaceuticals","REGN","80471490560","759.255","United States"
"19","Jiangsu Hengrui Medicine","600276.SS","59913362670","9.0269","China"
"20","CSL","CSL.AX","56010985886","115.451","Australia"
"21","Zoetis","ZTS","56000667648","126.36","United States"
"22","Samsung Biologics","207940.KS","54738515660","1182.49","South Korea"
"23","UCB","UCB.VI","53176714042","279.883","Belgium"
"24","Alnylam Pharmaceuticals","ALNY","51718594560","391.47","United States"
"25","Takeda Pharmaceutical","TAK","51696611328","15.535","Japan"
"26","Argenx","ARGX","49945550848","802","Netherlands"
"27","Galderma Group","GALD.SW","47706614172","200.949","Switzerland"
"28","Lonza","LONN.SW","46844367038","667.817","Switzerland"
"29","Sun Pharmaceutical","SUNPHARMA.NS","45962020627","19.1561","India"
"30","Bayer","BAYN.DE","43783939514","44.5673","Germany"
"31","Daiichi Sankyō","4568.T","41720803259","22.5389","Japan"
"32","WuXi AppTec","2359.HK","40497024702","13.384","China"
"33","Agilent Technologies","A","39607844864","139.71","United States"
"34","Insmed","INSM","36149854208","169.5","United States"
"35","Teva Pharmaceutical Industries","TEVA","35244519424","30.72","Israel"
"36","BeOne Medicines","ONC","34819629056","314.66","United States"
"37","Celltrion","068270.KS","31638939044","144.618","South Korea"
"38","Sandoz Group","SDZ.SW","31567227408","71.9187","Switzerland"
"39","Otsuka Holdings","4578.T","30514594724","57.7775","Japan"
"40","Hansoh Pharma","3692.HK","29082786550","4.89119","China"
"41","Novonesis","NZYM.VI","29041765153","62.1287","Denmark"
"42","DexCom","DXCM","26058715136","66.45","United States"
"43","Biogen","BIIB","25341351936","172.74","United States"
"44","Astellas Pharma","4503.T","24360480554","13.6","Japan"
"45","BioNTech","BNTX","23179907072","96.4","Germany"
"46","Royalty Pharma","RPRX","22647572480","38.835","United Kingdom"
"47","United Therapeutics","UTHR","21999863808","486.44","United States"
"48","Illumina","ILMN","21203683328","137.955","United States"
"49","LabCorp","LH","20859762688","251.02","United States"
"50","Incyte","INCY","19622453248","99.95","United States"
"51","Genmab","GMAB","19472138240","31.41","Denmark"
"52","Exact Sciences","EXAS","19304878080","101.73","United States"
"53","Sichuan Biokin Pharmaceutical","688506.SS","19132932040","46.3409","China"
"54","Divis Laboratories","DIVISLAB.NS","18717486545","70.5074","India"
"55","Innovent Biologics","1801.HK","18477972209","10.738","China"
"56","Alteogen","196170.KQ","17296467383","323.407","South Korea"
"57","WuXi Biologics","WXXWY","17028469760","8.25","China"
"58","Medpace","MEDP","16336161792","579.95","United States"
"59","Shionogi","4507.T","15566851174","18.2929","Japan"
"60","bioMérieux","BIM.PA","15493731659","131.228","France"
"61","ICON plc","ICLR","14894139392","191.51","Ireland"
"62","Revolution Medicines","RVMD","14839228416","76.76","United States"
"63","Roivant Sciences","ROIV","14820925440","21.31","United Kingdom"
"64","Torrent Pharmaceuticals","TORNTPHARM.NS","14511607852","42.8772","India"
"65","Viatris","VTRS","14274987008","12.365","United States"
"66","BridgeBio Pharma","BBIO","14230582272","73.845","United States"
"67","Akeso","9926.HK","13854837417","15.0409","China"
"68","Neurocrine Biosciences","NBIX","13771838464","138.125","United States"
"69","Cipla","CIPLA.NS","13602789881","16.8393","India"
"70","Madrigal Pharmaceuticals","MDGL","13098689536","576.745","United States"
"71","Summit Therapeutics","SMMT","13057522688","17.54","United Kingdom"
"72","CSPC Pharmaceutical Group Limited","1093.HK","13043030323","1.14188","China"
"73","Regencell Bioscience","RGC","12718254080","25.72","Hong Kong"
"74","Ascendis Pharma","ASND","12669619200","207.365","Denmark"
"75","Swedish Orphan Biovitrum","SOBI.ST","12521812594","36.183","Sweden"
"76","Ionis Pharmaceuticals","IONS","12480128000","77.05","United States"
"77","Moderna","MRNA","12437051392","31.83","United States"
"78","Revvity","RVTY","11532391424","99.355","United States"
"79","Dr. Reddy's Laboratories","RDY","11507284992","13.815","India"
"80","Elanco","ELAN","11363268608","22.87","United States"
"81","Exelixis","EXEL","11349578752","42.16","United States"
"82","Recordati","REC.MI","11332670026","55.4386","Italy"
"83","Tempus AI","TEM","11316680704","63.61","United States"
"84","BioMarin Pharmaceutical","BMRN","11279032320","58.71","United States"
"85","Ipsen","IPN.PA","11208851062","135.906","France"
"86","Financière de Tubize","TUB.BR","10932919597","245.614","Belgium"
"87","Avidity Biosciences","RNA","10862214144","72.09","United States"
"88","Lupin Limited","LUPIN.NS","10546261162","23.0873","India"
"89","Jazz Pharmaceuticals","JAZZ","10529075200","173.275","Ireland"
"90","Fosun Pharma","600196.SS","10421095141","3.9024","China"
"91","Orion Corporation","ORNAV.HE","10291063237","73.0994","Finland"
"92","Zydus Lifesciences","ZYDUSLIFE.NS","10278854119","10.2152","India"
"93","Baxter","BAX","10229710848","19.9","United States"
"94","Charles River Laboratories","CRL","10024207360","203.68","United States"
"95","Huadong Medicine (HD Medicine)","000963.SZ","9954847478","5.67544","China"
"96","Qiagen","QGEN","9838075904","45.37","Netherlands"
"97","Mankind Pharma","MANKIND.NS","9742557766","24.3205","India"
"98","Abivax","ABVX","9681637376","122.7","France"
"99","Bio-Techne","TECH","9565341696","61.39","United States"
"100","Repligen","RGEN","9454594048","167.96","United States"
"101","Axsome Therapeutics","AXSM","8640726016","171.4","United States"
"102","Eisai","4523.T","8622783353","30.5648","Japan"
"103","Arrowhead Pharmaceuticals","ARWR","8512517632","61.57","United States"
"104","Haisco Pharmaceutical Group","002653.SZ","8509965877","7.59874","China"
"105","kyowa Kirin","4151.T","8402957515","16.0518","Japan"
"106","Halozyme Therapeutics","HALO","8229438464","69.98","United States"
"107","Shenzhen Salubris Pharmaceuticals","002294.SZ","8038867256","7.21093","China"
"108","Sinopharm","1099.HK","7940498492","2.5445","China"
"109","ALK-Abelló","ALK-B.CO","7812556367","35.2612","Denmark"
"110","Aurobindo Pharma","AUROPHARMA.NS","7769934012","13.3779","India"
"111","Grifols","GRFS","7685272064","9.315","Spain"
"112","Pharmaron Beijing","300759.SZ","7659371797","4.30738","China"
"113","Caliway Biopharmaceuticals","6919.TW","7572730163","4.87627","Taiwan"
"114","CSPC Innovation Pharmaceutical","300765.SZ","7527476258","5.35919","China"
"115","Caris Life Sciences","CAI","7482536448","26.52","United States"
"116","Nuvalent","NUVL","7458199040","96.04","United States"
"117","Alkem Laboratories","ALKEM.NS","7355818342","61.5215","India"
"118","Cytokinetics","CYTK","7259480064","59.375","United States"
"119","Praxis Precision Medicines","PRAX","6936989184","277.4","United States"
"120","Shanghai Allist Pharmaceuticals","688578.SS","6913566270","15.3635","China"
"121","Krystal Biotech","KRYS","6893870592","237.74","United States"
"122","Merus","MRUS","6826245632","90","Netherlands"
"123","Rhythm Pharmaceuticals","RYTM","6822560768","102.232","United States"
"124","Zhifei Biological Products","300122.SZ","6655886367","2.78048","China"
"125","Abbott India","ABBOTINDIA.NS","6628855458","311.956","India"
"126","Laurus Labs","LAURUSLABS.NS","6598891434","12.2234","India"
"127","Ono Pharmaceutical","4528.T","6566249747","13.9735","Japan"
"128","Glaukos","GKOS","6402250752","111.47","United States"
"129","Glenmark Pharmaceuticals","GLENMARK.NS","6376119279","22.5943","India"
"130","Lundbeck","HLUN-B.CO","6342415084","6.68271","Denmark"
"131","Tong Ren Tang","600085.SS","6337260001","4.62078","China"
"132","Imeik Technology Development","300896.SZ","6276576716","20.7427","China"
"133","Sumitomo Pharma","4506.T","6242768415","15.7134","Japan"
"134","Shanghai RAAS Blood Products","002252.SZ","6088935601","0.917287","China"
"135","Galenica","GALE.SW","6082910552","122.068","Switzerland"
"136","PTC Therapeutics","PTCT","6062168064","75.505","United States"
"137","Belite Bio","BLTE","5916339200","157.708","United States"
"138","Yuhan","000100.KS","5909329813","79.0396","South Korea"
"139","Vaxcyte","PCVX","5839728640","44.61","United States"
"140","Biocon","BIOCON.NS","5789081817","4.33614","India"
"141","Kymera Therapeutics","KYMR","5657530880","70.72","United States"
"142","Changchun High-Tech Industry","000661.SZ","5534126885","13.5661","China"
"143","Richter Gedeon","RIG2.F","5496638455","30.0585","Hungary"
"144","Bachem","BANB.SW","5423470165","72.3342","Switzerland"
"145","Protagonist Therapeutics","PTGX","5286949888","84.57","United States"
"146","CRISPR Therapeutics","CRSP","5222452736","54.8","Switzerland"
"147","PharmaEssentia","6446.TW","5200360385","15.5818","Taiwan"
"148","Cogent Biosciences","COGT","5084104192","33.12","United States"
"149","Immunovant","IMVT","5010721280","24.87","United States"
"150","Crinetics Pharmaceuticals","CRNX","4991310848","52.6","United States"
"151","Apogee Therapeutics","APGE","4986693632","72.99","United States"
"152","Zealand Pharma","ZEAL.CO","4960796328","70.4284","Denmark"
"153","Tiantan Bio","600161.SS","4714225549","2.38409","China"
"154","Lantheus Holdings","LNTH","4695675904","69.06","United States"
"155","TG Therapeutics","TGTX","4650064384","29.29","United States"
"156","Alkermes","ALKS","4624941568","28.01","Ireland"
"157","Structure Therapeutics","GPCR","4602495488","65.155","United States"
"158","Giant Biogene","2367.HK","4576128357","4.34401","China"
"159","Akero Therapeutics","AKRO","4499031040","54.65","United States"
"160","Hikma Pharmaceuticals","HIK.L","4472026943","20.1941","United Kingdom"
"161","Amicus Therapeutics","FOLD","4398274048","14.22","United States"
"162","Indivior PLC","INDV","4393358336","35.14","United States"
"163","ACADIA Pharmaceuticals","ACAD","4386884608","25.93","United States"
"164","DiaSorin","DIA.MI","4319399277","81.4971","Italy"
"165","ADMA Biologics","ADMA","4271489792","17.9","United States"
"166","Scholar Rock Holding","SRRK","4240449792","41.57","United States"
"167","Terns Pharmaceuticals","TERN","4191890944","38.54","United States"
"168","BillionToOne","BLLN","4131545856","90.27","United States"
"169","Siegfried Holding","SFZN.SW","4050423680","92.5425","Switzerland"
"170","Hualan Biological Engineering","002007.SZ","4019463229","2.19948","China"
"171","Ipca Laboratories","IPCALAB.NS","3978961387","15.656","India"
"172","Mirum Pharmaceuticals","MIRM","3897478144","75.41","United States"
"173","Amneal Pharmaceuticals","AMRX","3896528384","12.395","United States"
"174","NewAmsterdam Pharma Company","NAMS","3882501120","34.24","Netherlands"
"175","Laboratorios Farmaceuticos Rovi","ROVI.MC","3870610927","75.6725","Spain"
"176","Viking Therapeutics","VKTX","3795760640","33.58","United States"
"177","Rohto Pharmaceutical","4527.T","3785838705","16.7541","Japan"
"178","Legend Biotech","LEGN","3779672064","20.465","United States"
"179","Corcept Therapeutics","CORT","3767566336","35.755","United States"
"180","Genscript Biotech","1548.HK","3720718765","1.7019","China"
"181","China Resources Pharmaceutical Group","3320.HK","3679725778","0.585709","Hong Kong"
"182","GeneDx Holdings","WGS","3626369792","125.46","United States"
"183","Arcellx","ACLX","3567092992","61.69","United States"
"184","Arcutis Biotherapeutics","ARQT","3542474240","28.92","United States"
"185","Virbac SA","VIRP.PA","3493209447","416.959","France"
"186","GRAIL","GRAL","3442909952","88.32","United States"
"187","Santen Pharmaceutical","4536.T","3380664168","10.5096","Japan"
"188","Travere Therapeutics","TVTX","3378475008","37.76","United States"
"189","Centessa Pharmaceuticals","CNTA","3355512576","22.7","United Kingdom"
"190","Vera Therapeutics","VERA","3342062848","47.08","United States"
"191","Tarsus Pharmaceuticals","TARS","3308907520","77.95","United States"
"192","SYNLAB","SYAB.VI","3307393271","15.049","Germany"
"193","Almirall","ALM.MC","3272613803","15.2515","Spain"
"194","Xenon Pharmaceuticals","XENE","3259459840","42.18","Canada"
"195","Apellis Pharmaceuticals","APLS","3193496320","25.24","United States"
"196","CG Oncology","CGON","3191153920","39.56","United States"
"197","Gland Pharma","GLAND.NS","3100055884","18.816","India"
"198","Aspen Pharmacare","APN.JO","3043713900","6.85486","South Africa"
"199","Kiniksa Pharmaceuticals","KNSA","2993932544","39.5","Bermuda"
"200","BB Biotech","BION.SW","2989278953","54.2034","Switzerland"
"201","BioArctic AB","BIOA-B.ST","2974788300","33.5598","Sweden"
"202","Dyne Therapeutics","DYN","2936572672","17.835","United States"
"203","Disc Medicine","IRON","2916199936","77.25","United States"
"204","IDEAYA Biosciences","IDYA","2891238144","32.98","United States"
"205","Wave Life Sciences","WVE","2812423424","15.1401","Singapore"
"206","Supernus Pharmaceuticals","SUPN","2798733824","48.81","United States"
"207","Nuvation Bio","NUVB","2795806720","8.155","United States"
"208","Liquidia Technologies","LQDA","2781680384","31.975","United States"
"209","Viridian Therapeutics","VRDN","2777362432","29.1","United States"
"210","Catalyst Pharmaceuticals","CPRX","2776590848","22.59","United States"
"211","Mineralys Therapeutics","MLYS","2751696128","34.77","United States"
"212","Bausch Health","BHC","2728335360","7.355","Canada"
"213","Beam Therapeutics","BEAM","2726631936","26.87","United States"
"214","Arcus Biosciences","RCUS","2667587072","21.56","United States"
"215","Piramal Pharma","PPLPHARMA.NS","2620797780","1.98176","India"
"216","SCHOTT Pharma","1SXP.DE","2614176728","17.3567","Germany"
"217","Jamjoom Pharmaceuticals Factory Company","4015.SR","2586924186","36.9561","Saudi Arabia"
"218","HeartFlow","HTFL","2558168064","30.04","United States"
"219","KOBAYASHI Pharmaceutical","4967.T","2537007091","34.1276","Japan"
"220","Telix Pharmaceuticals","TLX.AX","2520853073","7.53113","Australia"
"221","Soleno Therapeutics","SLNO","2509332480","46.72","United States"
"222","Denali Therapeutics","DNLI","2471986944","15.83","United States"
"223","Ocular Therapeutix","OCUL","2424480256","11.38","United States"
"224","HUTCHMED","HCM","2396581120","13.27","Hong Kong"
"225","Nippon Shinyaku","4516.T","2381570925","35.3344","Japan"
"226","Bavarian Nordic","BAVA.CO","2354850128","30.0863","Denmark"
"227","Adaptive Biotechnologies","ADPT","2352570368","15.41","United States"
"228","Mesoblast","MESO","2351937280","18.275","Australia"
"229","Genus","GNS.L","2265086623","34.1062","United Kingdom"
"230","Recursion Pharmaceuticals","RXRX","2251855104","4.32","United States"
"231","Ultragenyx Pharmaceutical","RARE","2231043840","23.125","United States"
"232","Sarepta Therapeutics","SRPT","2222536192","21.21","United States"
"233","Spyre Therapeutics","SYRE","2199736832","28.35","United States"
"234","10x Genomics","TXG","2199491840","17.38","United States"
"235","Immunome","IMNM","2160364800","19.58","United States"
"236","Neuland Laboratories","NEULANDLAB.NS","2140459003","166.643","India"
"237","Cosmo Pharmaceuticals","C43.F","2126041478","132.164","Ireland"
"238","Avadel Pharmaceuticals","AVDL","2106599552","21.465","Ireland"
"239","Galapagos NV","GLPG","2098821760","31.85","Belgium"
"240","Artivion","AORT","2094919936","44.22","United States"
"241","Twist Bioscience","TWST","2084230400","34.085","United States"
"242","Tecan","TECN.SW","2082979531","163.681","Switzerland"
"243","Harmony Biosciences","HRMY","2059645696","35.76","United States"
"244","ImmunityBio","IBRX","2019868032","2.0507","United States"
"245","Olema Pharmaceuticals","OLMA","2001593088","24.97","United States"
"246","Zai Lab","ZLAB","1994158592","18","China"
"247","Aurinia Pharmaceuticals","AUPH","1961128320","14.875","Canada"
"248","Perrigo","PRGO","1939810560","14.095","Ireland"
"249","Bora Pharmaceuticals","6472.TW","1936334387","15.2483","Taiwan"
"250","Harrow Health","HROW","1933355008","52.2","United States"
"251","Vitrolife AB","VITR.ST","1927759210","14.2326","Sweden"
"252","Zymeworks","ZYME","1924436096","25.41","Canada"
"253","Faes Farma","FAE.MC","1893050793","6.08187","Spain"
"254","Jubilant Pharmova","JUBLPHARMA.NS","1877475766","11.8622","India"
"255","Organon","OGN","1877076608","7.22","United States"
"256","HBM Healthcare Investments","HBMN.SW","1872164624","282.034","Switzerland"
"257","ChemoMetec","CHEMM.CO","1867870882","107.334","Denmark"
"258","Fagron","FAGR.BR","1858903987","25.3801","Belgium"
"259","Maze Therapeutics","MAZE","1838162816","38.2","United States"
"260","Vericel","VCEL","1826733696","36.12","United States"
"261","Alembic Pharmaceuticals","APLLTD.NS","1824001619","9.27947","India"
"262","Dynavax Technologies","DVAX","1805408896","15.375","United States"
"263","Natco Pharma","NATCOPHARM.NS","1798183471","10.0396","India"
"264","Celldex Therapeutics","CLDX","1760910976","26.5","United States"
"265","Nurix Therapeutics","NRIX","1749633024","17.26","United States"
"266","Sionna Therapeutics","SION","1740522752","39","United States"
"267","Syndax Pharmaceuticals","SNDX","1733951104","19.95","United States"
"268","Stoke Therapeutics","STOK","1730078592","30.29","United States"
"269","MannKind Corp","MNKD","1704240128","5.55","United States"
"270","Immunocore","IMCR","1699333120","33.6299","United Kingdom"
"271","Pharvaris","PHVS","1630157440","25.095","Netherlands"
"272","Granules India","GRANULES.NS","1627372376","6.70615","India"
"273","Azenta","AZTA","1614694016","35.11","United States"
"274","Neuren Pharmaceuticals","NEU.AX","1612453946","12.7326","Australia"
"275","Agios Pharmaceuticals","AGIO","1568058368","26.89","United States"
"276","Nipro Corporation","8086.T","1551624822","9.51359","Japan"
"277","BioCryst Pharmaceuticals","BCRX","1543663488","7.325","United States"
"278","Novocure","NVCR","1536952832","13.725","Jersey"
"279","NeoGenomics","NEO","1533892352","11.855","United States"
"280","Alvotech","ALVO","1523729536","4.89","Iceland"
"281","Pharma Mar","PHM.MC","1511568135","88.0117","Spain"
"282","Kodiak Sciences","KOD","1508506624","24.71","United States"
"283","Innoviva","INVA","1468464384","19.64","United States"
"284","Trevi Therapeutics","TRVI","1463746944","11.415","United States"
"285","Certara","CERT","1448989312","9.0975","United States"
"286","Axogen","AXGN","1441321472","31.25","United States"
"287","Collegium Pharmaceutical","COLL","1433241600","45.34","United States"
"288","Precigen","PGEN","1425912832","4.03","United States"
"289","Upstream Bio","UPB","1406624640","26.03","United States"
"290","EyePoint Pharmaceuticals","EYPT","1403243392","16.95","United States"
"291","Ardelyx","ARDX","1401961728","5.77","United States"
"292","Tyra Biosciences","TYRA","1389008768","26.025","United States"
"293","Taysha Gene Therapies","TSHA","1387401600","5.065","United States"
"294","uniQure","QURE","1385989504","22.25","Netherlands"
"295","Biohaven","BHVN","1367354880","10.305","United States"
"296","Relay Therapeutics","RLAY","1352867840","7.8055","United States"
"297","PeptiDream","4587.T","1337367648","10.35","Japan"
"298","atai Life Sciences","ATAI","1334813568","3.675","Germany"
"299","Mind Medicine (MindMed)","MNMD","1328986368","13.67","United States"
"300","Rapport Therapeutics","RAPP","1306868352","27.42","United States"
"301","Maravai LifeSciences","MRVI","1304351616","3.56","United States"
"302","Bonesupport Holding AB","BONEX.ST","1304286641","19.8042","Sweden"
"303","Kuros Biosciences","KURN.SW","1281483525","32.9124","Switzerland"
"304","Immatics","IMTX","1270925056","9.48","Germany"
"305","MBX Biosciences","MBX","1265571456","28.185","United States"
"306","Idorsia","IDIA.SW","1246798640","5.0741","Switzerland"
"307","Amphastar Pharmaceuticals","AMPH","1227725824","26.4055","United States"
"308","Septerna","SEPN","1222335360","27.3","United States"
"309","Kissei Pharmaceutical","4547.T","1221466992","29.4666","Japan"
"310","AnaptysBio","ANAB","1218084096","43.545","United States"
"311","Amylyx Pharmaceuticals","AMLX","1195155456","10.8829","United States"
"312","Biolife Solutions","BLFS","1194071552","24.8","United States"
"313","Novavax","NVAX","1188680192","7.315","United States"
"314","Vetoquinol","VETO.PA","1186018781","100.234","France"
"315","Pharming Group","PHAR","1178078976","16.9097","Netherlands"
"316","Tango Therapeutics","TNGX","1171677184","8.6999","United States"
"317","Xeris Pharmaceuticals","XERS","1160839552","6.9962","United States"
"318","Oculis Holding AG","OCS","1155560064","19.99","Switzerland"
"319","ARS Pharmaceuticals","SPRY","1153563264","11.67","United States"
"320","Towa Pharmaceutical","4553.T","1136260524","23.0816","Japan"
"321","Omeros Corporation","OMER","1129444224","15.93","United States"
"322","Savara","SVRA","1128229248","5.545","United States"
"323","Phathom Pharmaceuticals","PHAT","1116517760","15.695","United States"
"324","Evotec","EVO","1111966208","3.11","Germany"
"325","Sana Biotechnology","SANA","1109414784","4.165","United States"
"326","Pacira Biosciences","PCRX","1105344896","24.6","United States"
"327","Intellia Therapeutics","NTLA","1099214336","9.4899","United States"
"328","Tilray","TLRY","1097360000","9.46","Canada"
"329","Inhibrx","INBX","1095652480","75.335","United States"
"330","Oxford Biomedica","OXB.L","1074361031","8.89728","United Kingdom"
"331","Curevac","CVAC","1036920512","4.605","Germany"
"332","Nanobiotix","NBTX","1025634816","21.2","France"
"333","AbCellera","ABCL","1023725888","3.42","Canada"
"334","Xencor","XNCR","1019384448","14.275","United States"
"335","UroGen Pharma","URGN","1001944384","21.405","United States"
"336","GH Research","GHRS","997122560","16.075","Ireland"
"337","PolyPeptide Group","PPGN.SW","997086385","30.2179","Switzerland"
"338","Erasca","ERAS","985983680","3.4753","United States"
"339","Iovance Biotherapeutics","IOVA","980510912","2.47","United States"
"340","Genomma Lab Internacional","LABB.MX","974972000","1.00121","Mexico"
"341","Strides Pharma","STAR.NS","970870696","10.5332","India"
"342","Integra LifeSciences","IART","965314752","12.39","United States"
"343","MiMedx Group","MDXG","943425600","6.3701","United States"
"344","Monte Rosa Therapeutics","GLUE","914904512","14.05","United States"
"345","BML, Inc.","4694.T","913049153","24.3586","Japan"
"346","Arbutus Biopharma","ABUS","910654272","4.735","United States"
"347","Theravance Biopharma","TBPH","902222656","17.805","Cayman Islands"
"348","Allergy Therapeutics","AGY.L","896254417","0.145936","United Kingdom"
"349","Enliven Therapeutics","ELVN","892583616","15.04","United States"
"350","Inventiva","IVA","887293760","4.6","France"
"351","Nektar Therapeutics","NKTR","879163456","43.22","United States"
"352","Bicara Therapeutics","BCAX","878702592","16.04","United States"
"353","Compass Therapeutics","CMPX","875081536","4.92","United States"
"354","SI-BONE","SIBN","872815104","20.115","United States"
"355","Day One Biopharmaceuticals","DAWN","872741760","8.5","United States"
"356","MedCap","MCAP.ST","868471475","57.8841","Sweden"
"357","Esperion Therapeutics","ESPR","865278976","3.6499","United States"
"358","Kura Oncology","KURA","850161216","9.77","United States"
"359","Basilea Pharmaceutica","BSLN.SW","837320148","68.2422","Switzerland"
"360","Geron","GERN","829861824","1.3","United States"
"361","Alumis","ALMS","823663936","7.89","United States"
"362","Arvinas","ARVN","821542848","11.19","United States"
"363","ArriVent BioPharma","AVBP","815719680","19.76","United States"
"364","SPIMACO (Saudi Pharmaceutical Industries and Medical Appliances Corporation)","2070.SR","811527426","6.79927","Saudi Arabia"
"365","Janux Therapeutics","JANX","805078400","13.385","United States"
"366","Mochida Pharmaceutical","4534.T","801278653","22.6028","Japan"
"367","MoonLake Immunotherapeutics","MLTX","795665856","11.2307","Switzerland"
"368","Vir Biotechnology","VIR","790230144","5.68","United States"
"369","Zenas BioPharma","ZBIO","785562432","14.6344","United States"
"370","Fulgent Genetics","FLGT","784556480","25.38","United States"
"371","Valneva SE","VALN","767915840","8.89","France"
"372","KalVista Pharmaceuticals","KALV","767292736","15.18","United States"
"373","Ironwood Pharmaceuticals","IRWD","762051840","4.6844","United States"
"374","Aquestive Therapeutics","AQST","759469376","6.225","United States"
"375","SD BioSensor","137310.KS","753069950","6.29556","South Korea"
"376","FDC India","FDC.NS","744842635","4.57492","India"
"377","Rigel Pharmaceuticals","RIGL","743117888","40.9401","United States"
"378","Gyre Therapeutics","GYRE","741283712","7.695","United States"
"379","MapLight Therapeutics","MPLT","738899840","16.285","United States"
"380","SELLAS Life Sciences","SLS","709211904","4.8101","United States"
"381","DBV Technologies","DBVT","701936256","17.49","France"
"382","Fulcrum Therapeutics","FULC","697345536","10.5706","United States"
"383","Personalis","PSNL","697114176","7.85","United States"
"384","CytomX Therapeutics","CTMX","693837888","4.095","United States"
"385","Annexon","ANNX","684911680","4.595","United States"
"386","Replimune","REPL","671867136","8.565","United States"
"387","Emergent BioSolutions","EBS","669289536","12.545","United States"
"388","Lexeo Therapeutics","LXEO","667834048","9.15","United States"
"389","Invivyd","IVVD","662185024","2.39","United States"
"390","REGENXBIO","RGNX","656581440","12.97","United States"
"391","Gossamer Bio","GOSS","656178432","2.835","United States"
"392","ProKidney","PROK","646793920","2.15","United States"
"393","Newron Pharmaceuticals","NWRN.SW","633339292","31.7288","Italy"
"394","Prime Medicine","PRME","627274496","3.475","United States"
"395","Advanced Medical Solutions Group","AMS.L","622995775","2.87948","United Kingdom"
"396","Takara Bio","4974.T","611234427","5.07604","Japan"
"397","Bright Minds Biosciences","DRUG","609695744","78.295","United States"
"398","Boiron","BOI.PA","609202662","35.0877","France"
"399","Pharmanutra","PHN.MI","609101310","63.5088","Italy"
"400","MeiraGTx","MGTX","606096384","7.53","United States"
"401","DRI Healthcare Trust","DHT-UN.TO","595448698","11.5579","Canada"
"402","Zeria Pharmaceutical","4559.T","591599162","13.4212","Japan"
"403","Avalon Pharma (Middle East Pharmaceutical)","4016.SR","588737191","29.4369","Saudi Arabia"
"404","Opthea","OPT","583100736","3.41","Australia"
"405","Cullinan Therapeutics","CGEM","583082688","9.87","United States"
"406","Myriad Genetics","MYGN","576806528","6.188","United States"
"407","Organogenesis","ORGO","574277440","4.525","United States"
"408","KYORIN Pharmaceutical","4569.T","570415547","9.92862","Japan"
"409","enGene","ENGN","570086336","8.5107","Canada"
"410","Ventyx Biosciences","VTYX","569584640","7.982","United States"
"411","PolyNovo","PNV.AX","566530100","0.820056","Australia"
"412","Pacific Biosciences","PACB","563057344","1.865","United States"
"413","Absci","ABSI","557126528","3.705","United States"
"414","Lyell Immunopharma","LYEL","554679680","26.11","United States"
"415","Keros Therapeutics","KROS","546561280","17.94","United States"
"416","JCR Pharmaceuticals","4552.T","538193669","4.41201","Japan"
"417","I-Mab Biopharma","IMAB","533681856","4.63","China"
"418","Evommune","EVMN","523615200","16.61","United States"
"419","Formycon AG","FYB.DE","520635759","29.4737","Germany"
"420","Corvus Pharmaceuticals","CRVS","520532640","6.97","United States"
"421","Verastem Oncology","VSTM","513681056","6.82","United States"
"422","Ginkgo Bioworks","DNA","512593248","8.46","United States"
"423","LENZ Therapeutics","LENZ","506897504","16.2","United States"
"424","Kyverna Therapeutics","KYTX","497417120","8.345","United States"
"425","Alto Neuroscience","ANRO","496750720","15.99","United States"
"426","Shinpoong Pharm","019170.KS","488687177","9.53308","South Korea"
"427","Prothena","PRTA","488237952","9.07","Ireland"
"428","Nxera Pharma","4565.T","487668017","5.38891","Japan"
"429","SPARC","SPARC.NS","486640371","1.49956","India"
"430","Vanda Pharmaceuticals","VNDA","484887872","8.205","United States"
"431","Design Therapeutics","DSGN","483052640","8.48","United States"
"432","Autolus Therapeutics","AUTL","475651264","1.7872","United Kingdom"
"433","Zevra Therapeutics","ZVRA","467832544","8.31","United States"
"434","NervGen Pharma","NGEN.V","458341153","5.78622","Canada"
"435","SIGA Technologies","SIGA","457596224","6.39","United States"
"436","Cellectis","CLLS","456981408","4.555","France"
"437","PepGen","PEPG","455223264","6.6216","United States"
"438","iTeos Therapeutics","ITOS","448684800","10.15","United States"
"439","Medios AG","ILM1.DE","447701698","17.4737","Germany"
"440","Bicycle Therapeutics","BCYC","446382400","6.435","United Kingdom"
"441","BioAge Labs","BIOA","442451136","12.34","United States"
"442","Altimmune","ALT","434586016","4.165","United States"
"443","CapsoVision","CV","433299808","9.25","United States"
"444","Monopar Therapeutics","MNPR","432496832","64.72","United States"
"445","ADC Therapeutics","ADCT","429234176","3.465","Switzerland"
"446","Alpha Tau Medical","DRTS","428026016","5.02","Israel"
"447","RPG Life Sciences","RPGLIFE.NS","423439671","25.6025","India"
"448","Ocugen","OCGN","420070592","1.345","United States"
"449","Clinuvel Pharmaceuticals","CUV.AX","417723378","8.32106","Australia"
"450","Kamada","KMDA","415877952","7.2","Israel"
"451","Lexicon Pharmaceuticals","LXRX","413838624","1.1388","United States"
"452","Evolus","EOLS","413550240","6.38","United States"
"453","Cybin","CYBN","413123392","8.28","Canada"
"454","Immutep","IMMP","412873664","2.805","Australia"
"455","Immuneering","IMRX","410664992","6.36","United States"
"456","COLTENE Holding AG","CLTN.SW","410030876","68.6199","Switzerland"
"457","Aarti Drugs","AARTIDRUGS.NS","409736612","4.48683","India"
"458","Sight Sciences","SGHT","409491552","7.745","United States"
"459","Solid Biosciences","SLDB","409028768","5.25","United States"
"460","Akebia Therapeutics","AKBA","407336800","1.535","United States"
"461","Enanta Pharmaceuticals","ENTA","405808160","14.06","United States"
"462","PureTech Health","PRTC","404095712","16.72","United States"
"463","4D Molecular Therapeutics","FDMT","400516896","7.01","United States"
"464","Contineum Therapeutics","CTNM","398170976","10.9","United States"
"465","Benitec Biopharma","BNTC","394156288","11.64","United States"
"466","PharmaSGP","PSG.DE","387716280","33.6779","Germany"
"467","Entrada Therapeutics","TRDA","386587520","10.115","United States"
"468","Rocket Pharmaceuticals","RCKT","378442304","3.4969","United States"
"469","Vigil Neuroscience","VIGL","375705568","8.05","United States"
"470","Tectonic Therapeutic","TECX","374325600","20","United States"
"471","Lineage Cell Therapeutics","LCTX","374282240","1.625","United States"
"472","Cerus","CERS","373610208","1.945","United States"
"473","Gulf Pharmaceutical Industries","JULPHAR.AE","368007110","0.32","United Arab Emirates"
"474","AC Immune","ACIU","346064000","3.44","Switzerland"
"475","Avacta Group","AVCT.L","343604848","0.792331","United Kingdom"
"476","Anavex Life Sciences","AVXL","331481472","3.71","United States"
"477","Race Oncology","RAC.AX","330456266","1.82755","Australia"
"478","X4 Pharmaceuticals","XFOR","329636320","3.77","United States"
"479","Aura Biosciences","AURA","328311904","5.17","United States"
"480","Zura Bio","ZURA","327717472","5.04","United States"
"481","XOMA","XOMA","316635936","25.57","United States"
"482","Celon Pharma","CLN.WA","310455659","5.7645","Poland"
"483","Hikal","HIKAL.NS","307749487","2.49543","India"
"484","CAMP4 Therapeutics","CAMP","306228416","5.9025","United States"
"485","scPharmaceuticals","SCPH","304358784","5.67","United States"
"486","Quanterix","QTRX","301284640","6.45","United States"
"487","Neurogene","NGNE","299727648","19.35","United States"
"488","Allogene Therapeutics","ALLO","296643808","1.32","United States"
"489","Relmada Therapeutics","RLMD","296634528","4.045","United States"
"490","Protara Therapeutics","TARA","295265824","5.51","United States"
"491","Oryzon Genomics","ORY.MC","294200527","3.73099","Spain"
"492","Puma Biotechnology","PBYI","292772320","5.81","United States"
"493","Lifecore Biomedical","LFCR","292237568","7.8","United States"
"494","Foghorn Therapeutics","FHTX","291233472","5.1499","United States"
"495","Capricor Therapeutics","CAPR","290769504","6.36","United States"
"496","Aclaris Therapeutics","ACRS","289281792","2.67","United States"
"497","Neumora Therapeutics","NMRA","288623456","1.6984","United States"
"498","Fractyl Health","GUTS","285737664","2.085","United States"
"499","Larimar Therapeutics","LRMR","284588064","3.325","United States"
"500","Aardvark Therapeutics","AARD","284141216","13.05","United States"
"501","Eurobio Scientific","ALERS.PA","283795923","28.1871","France"
"502","Abeona Therapeutics","ABEO","282336992","5.21","United States"
"503","Immix Biopharma","IMMX","278495808","5.285","United States"
"504","Amarin Corporation","AMRN","275918912","13.27","Ireland"
"505","Achieve Life Sciences","ACHV","273106336","5.1303","Canada"
"506","Silence Therapeutics","SLN","271595200","5.75","United Kingdom"
"507","Profound Medical","PROF","270745568","7.46","Canada"
"508","Quantum-Si","QSI","269297408","1.2497","United States"
"509","OmniAb","OABI","269196576","1.87","United States"
"510","Aldeyra Therapeutics","ALDX","264716208","4.4","United States"
"511","Greenwich LifeSciences","GLSI","264067504","19.06","United States"
"512","Atea Pharmaceuticals","AVIR","262115408","3.355","United States"
"513","Inozyme Pharma","INZY","258247200","4","United States"
"514","Prenetics","PRE","257895808","15.325","Hong Kong"
"515","Laboratorio Reig Jofre","RJF.MC","252266174","3.09942","Spain"
"516","Galectin Therapeutics","GALT","250179328","3.88","United States"
"517","Vor Biopharma","VOR","245773760","11.2171","United States"
"518","Genfit","GNFT","244433360","4.85","France"
"519","Third Harmonic Bio","THRD","242787568","5.38","United States"
"520","Euroapi","EAPI.PA","240799171","2.52865","France"
"521","Shattuck Labs","STTK","239830608","3.79","United States"
"522","MediWound","MDWD","239206896","18.6568","Israel"
"523","Burning Rock Biotech","BNR","236865120","22","China"
"524","Nautilus Biotechnology","NAUT","235559056","1.865","United States"
"525","Indoco Remedies","INDOCO.NS","233041020","2.52191","India"
"526","Orchestra BioMed","OBIO","232634688","4.12","United States"
"527","Armata Pharmaceuticals","ARMP","230091632","6.32","United States"
"528","Carbios SAS","ALCRB.PA","226213216","13.4035","France"
"529","Selvita","SLV.WA","223348529","12.168","Poland"
"530","Heron Therapeutics","HRTX","222785472","1.215","United States"
"531","Guerbet","GBT.PA","219874390","17.4269","France"
"532","Voyager Therapeutics","VYGR","218508336","3.93","United States"
"533","CARGO Therapeutics","CRGX","216188416","4.47","United States"
"534","Cereno Scientific","CRNO-B.ST","214628625","0.725177","Sweden"
"535","Cabaletta Bio","CABA","212264752","2.205","United States"
"536","Nuvectis Pharma","NVCT","209657936","8.185","United States"
"537","Sanara MedTech","SMTI","205162672","22.96","United States"
"538","AFT Pharmaceuticals","AFT.NZ","204670271","1.95173","New Zealand"
"539","ProQR","PRQR","204453936","1.9408","Netherlands"
"540","Santhera Pharmaceuticals","SANN.SW","203584477","15.2097","Switzerland"
"541","Tonix Pharmaceuticals","TNXP","200900576","15.71","United States"
"542","C4 Therapeutics","CCCC","198189984","2.045","United States"
"543","Perspective Therapeutics","CATX","197739072","2.66","United States"
"544","Journey Medical","DERM","194021712","7.15","United States"
"545","Editas Medicine","EDIT","192796848","1.975","United States"
"546","Humacyte","HUMA","191278928","1.0214","United States"
"547","Rezolute","RZLT","190555088","2.055","United States"
"548","Tiziana Life Sciences","TLSA","189927696","1.58","United Kingdom"
"549","Bliss GVS Pharma","BLISSGVS.NS","188161912","1.77745","India"
"550","Sagimet Biosciences","SGMT","183096608","5.63","United States"
"551","Xlife Sciences","XLS.SW","180819847","31.3511","Switzerland"
"552","MDxHealth","MDXH","178466016","3.4745","Belgium"
"553","Botanix Pharmaceuticals","BOT.AX","177885088","0.0903735","Australia"
"554","OraSure Technologies","OSUR","177357184","2.425","United States"
"555","Mayne Pharma Group","MYX.AX","176219344","2.16896","Australia"
"556","Arcturus Therapeutics","ARCT","176168528","6.2","United States"
"557","Alector","ALEC","173005088","1.585","United States"
"558","Cartesian Therapeutics","RNAC","172923984","6.65","United States"
"559","Minerva Neurosciences","NERV","171972464","3.974","United States"
"560","Coherus BioSciences","CHRS","171032480","1.415","United States"
"561","Innate Pharma","IPHA","170835280","1.79","France"
"562","Milestone Pharmaceuticals","MIST","170764544","2.005","Canada"
"563","OpGen","OPGN","169197600","16.8","United States"
"564","MaxCyte","MXCT","164811344","1.545","United States"
"565","Context Therapeutics","CNTX","164463728","1.79","United States"
"566","Genelux","GNLX","163812864","4.305","United States"
"567","Quince Therapeutics","QNCX","162589952","2.92","United States"
"568","Rani Therapeutics","RANI","159439184","1.3","United States"
"569","vTv Therapeutics","VTVT","159430656","40.485","United States"
"570","Tenaya Therapeutics","TNYA","158352416","0.7314","United States"
"571","Molecular Partners","MOLN","157499040","4.2113","Switzerland"
"572","Prelude Therapeutics","PRLD","152064800","2.4189","United States"
"573","Hester Biosciences","HESTERBIO.NS","150111722","17.646","India"
"574","BICO Group","BICO.ST","149559862","2.11917","Sweden"
"575","Lucid Diagnostics","LUCD","148600448","1.1335","United States"
"576","Mersana Therapeutics","MRSN","148162944","29.64","United States"
"577","Transgene SA","TNG.PA","146881634","1.10877","France"
"578","Codexis","CDXS","146777120","1.625","United States"
"579","Turn Therapeutics","TTRX","145753648","4.95","United States"
"580","Protalix BioTherapeutics","PLX","144356016","1.795","Israel"
"581","Compugen","CGEN","142611440","1.515","Israel"
"582","Sangamo Therapeutics","SGMO","142404480","0.4232","United States"
"583","Incannex Healthcare","IXHL","138282464","0.3994","Australia"
"584","Spero Therapeutics","SPRO","136341104","2.42","United States"
"585","Corbus Pharmaceuticals","CRBP","135509440","7.72","United States"
"586","Verrica Pharmaceuticals","VRCA","134634640","8.42","United States"
"587","OSE Immunotherapeutics","OSE.PA","134562832","5.99415","France"
"588","Bioventix","BVXP.L","133051505","25.4651","United Kingdom"
"589","Nkarta","NKTX","132107792","1.8599","United States"
"590","Seres Therapeutics","MCRB","131717320","14.56","United States"
"591","Fortress Biotech","FBIO","130486600","4.2041","United States"
"592","Global Cord Blood","CORBF","127218976","0.95","Hong Kong"
"593","4basebio","4BB.L","126500866","8.16932","United Kingdom"
"594","Atara Biotherapeutics","ATRA","126179112","17.5","United States"
"595","Karyopharm Therapeutics","KPTI","122766304","7.2","United States"
"596","Captor Therapeutics","CTX.WA","122428697","22.2246","Poland"
"597","VITA 34","V3V.DE","122328166","7.01754","Germany"
"598","Eledon Pharmaceuticals","ELDN","119679656","1.595","United States"
"599","Ovid Therapeutics","OVID","118568560","1.665","United States"
"600","Sol-Gel Technologies","SLGL","117420928","42.15","Israel"
"601","Sera Prognostics","SERA","116938360","3.0299","United States"
"602","Whitehawk Therapeutics","WHWK","116407048","2.47","United States"
"603","Oramed Pharmaceuticals","ORMP","116356840","2.92","United States"
"604","Coya Therapeutics","COYA","116323232","5.5592","United States"
"605","Leap Therapeutics","LPTX","116136272","2.05","United States"
"606","Acumen Pharmaceuticals","ABOS","115089504","1.9","United States"
"607","Nanoform Finland","NANOFS.ST","114779560","1.33979","Finland"
"608","Fate Therapeutics","FATE","113875784","0.9872","United States"
"609","Inovio Pharmaceuticals","INO","113017056","1.645","United States"
"610","Sensorion","ALSEN.PA","112480727","0.374269","France"
"611","Repare Therapeutics","RPTX","110572944","2.565","Canada"
"612","Agenus","AGEN","108826712","3.2","United States"
"613","Tharimmune","THAR","108673968","3.101","United States"
"614","Avita Medical","RCEL","107030824","3.51","United States"
"615","iCAD","ICAD","106312376","3.87","United States"
"616","MindWalk Holdings","HYFT","105993880","2.2701","United States"
"617","Eurofins-Cerep","ALECR.PA","105009588","20818.7","France"
"618","HilleVax","HLVX","104762376","2.09","United States"
"619","Oncolytics Biotech","ONCY","103431248","0.9612","Canada"
"620","MacroGenics","MGNX","103237920","1.632","United States"
"621","Artiva Biotherapeutics","ARTV","103088592","4.2","United States"
"622","Anixa Biosciences","ANIX","103029952","3.13","United States"
"623","Seer Inc","SEER","102659024","1.825","United States"
"624","Cassava Sciences","SAVA","100963496","2.09","United States"
"625","Adverum Biotechnologies","ADVM","96257760","4.36","United States"
"626","Zentalis Pharmaceuticals","ZNTL","96093536","1.33","United States"
"627","Annovis Bio","ANVS","95940448","3.62","United States"
"628","Zomedica Pharmaceuticals","ZOM","95349136","0.0973","United States"
"629","Precision BioSciences","DTIL","94601984","3.93","United States"
"630","Sutro Biopharma","STRO","93798504","11.01","United States"
"631","Scilex Holding","SCLX","93714776","13.325","United States"
"632","eXoZymes","EXOZ","92480336","11.0263","United States"
"633","Equillium","EQ","92429912","1.5179","United States"
"634","Vivani Medical","VANI","92284584","1.265","United States"
"635","Vaxart","VXRT","91462776","0.381","United States"
"636","Spruce Biosciences","SPRB","90981448","85","United States"
"637","Vistin Pharma","VISTN.OL","90682707","2.04496","Norway"
"638","OKYO Pharma","OKYO","86128448","2.29","United Kingdom"
"639","Synthaverse","SVE.WA","85040396","1.12234","Poland"
"640","Mereo BioPharma Group","MREO","83862408","0.527","United Kingdom"
"641","Curatis","CURN.SW","83587899","16.7458","Switzerland"
"642","Adagene","ADAG","82951040","1.76","China"
"643","Instil Bio","TIL","82875752","12.22","United States"
"644","Entera Bio","ENTX","80938024","1.765","Israel"
"645","Atossa Therapeutics","ATOS","79311256","0.614","United States"
"646","Adicet Bio","ACET","78528000","8.18","United States"
"647","Imugene","IMU.AX","77620348","0.240996","Australia"
"648","Pliant Therapeutics","PLRX","76504480","1.245","United States"
"649","Immunic","IMUX","75635032","0.6288","United States"
"650","Korro Bio","KRRO","74490800","7.91","United States"
"651","InflaRx","IFRX","74183104","1.095","Germany"
"652","Infant Bacterial Therapeutics AB","IBT-B.ST","74035400","5.49574","Sweden"
"653","aTyr Pharma","ATYR","73568368","0.7508","United States"
"654","Nykode Therapeutics","NYKD.OL","73390179","0.224747","Norway"
"655","Acrivon Therapeutics","ACRV","72892336","2.31","United States"
"656","Pyxis Oncology","PYXS","71915168","1.155","United States"
"657","XBiotech","XBIT","71768120","2.354","United States"
"658","Tevogen Bio","TVGN","71528376","0.36","United States"
"659","NRx Pharmaceuticals","NRXP","71348416","2.41","United States"
"660","CervoMed","CRVO","68962360","7.4532","United States"
"661","Rafael Holdings","RFL","68585712","1.325","United States"
"662","MediciNova","MNOV","66347436","1.35","United States"
"663","BRAIN Biotech","BNN.DE","65159194","2.98246","Germany"
"664","BeyondSpring","BYSI","64973268","1.58","United States"
"665","Akoya Biosciences","AKYA","64440916","1.29","United States"
"666","PMV Pharmaceuticals","PMVP","64385928","1.21","United States"
"667","Metagenomi","MGX","62703076","1.67","United States"
"668","Nanexa AB","NANEXA.ST","62436185","0.393482","Sweden"
"669","hVIVO","HVO.L","60902652","0.0886223","United Kingdom"
"670","ALX Oncology","ALXO","60724160","1.12","United States"
"671","Ikena Oncology","IKNA","59901984","1.43","United States"
"672","Assertio Therapeutics","ASRT","59163596","9.2201","United States"
"673","InterCure","INCR","58563708","1.071","Israel"
"674","TScan Therapeutics","TCRX","57031732","1.005","United States"
"675","Grace Therapeutics","GRCE","56557568","3.655","United States"
"676","MAIA Biotechnology","MAIA","55363300","1.495","United States"
"677","Talphera","TLPH","54766300","1.175","United States"
"678","Kronos Bio","KRON","53652896","0.88","United States"
"679","MiNK Therapeutics","INKT","52621476","11.21","United States"
"680","Jasper Therapeutics","JSPR","51056880","1.8245","United States"
"681","Adlai Nortye","ANL","50922368","1.38","Cayman Islands"
"682","OS Therapies","OSTX","49300092","1.4","United States"
"683","Passage Bio","PASG","48793200","15.35","United States"
"684","Biodesix","BDSX","48400000","6.05","United States"
"685","Cel-Sci","CVM","47657412","5.6676","United States"
"686","Nectar Lifesciences","NECLIFE.NS","47621816","0.211849","India"
"687","Telomir Pharmaceuticals","TELO","46930028","1.365","United States"
"688","Fermentalg","ALGAE.PA","46608350","0.48538","France"
"689","IO Biotech","IOBT","46032868","0.6398","Denmark"
"690","Kezar Life Sciences","KZR","45842960","6.26","United States"
"691","Lava Therapeutics","LVTX","45771216","1.74","Netherlands"
"692","Relief Therapeutics","RLF.SW","45739507","3.63245","Switzerland"
"693","PDS Biotechnology","PDSB","44871472","0.82","United States"
"694","iBio","IBIO","42273888","1.8799","United States"
"695","Actinium Pharmaceuticals","ATNM","42270436","1.355","United States"
"696","Q32 Bio","QTTB","42080884","3.42","United States"
"697","Precipio","PRPO","42030648","23.99","United States"
"698","Cytosorbents","CTSO","41764864","0.665","United States"
"699","INmune Bio","INMB","40010816","1.505","United States"
"700","OnKure Therapeutics","OKUR","38476888","2.84","United States"
"701","FibroGen","FGEN","37703140","9.3199","United States"
"702","BioXcel Therapeutics","BTAI","37659264","1.722","United States"
"703","electroCore","ECOR","37380848","4.675","United States"
"704","Veru","VERU","36996156","2.305","United States"
"705","genOway","ALGEN.PA","36927405","3.05263","France"
"706","Regentis Biomaterials","RGNT","36385132","7.025","Israel"
"707","Generation Bio","GBIO","36118604","5.36","United States"
"708","Celularity","CELU","36047236","1.25","United States"
"709","Rockwell Medical","RMTI","35862768","0.9101","United States"
"710","Mural Oncology","MURA","35382752","2.04","Ireland"
"711","Cue Biopharma","CUE","35117404","0.3849","United States"
"712","Outlook Therapeutics","OTLK","34980816","0.5456","United States"
"713","Xilio Therapeutics","XLO","34928468","0.6653","United States"
"714","Lantern Pharma","LTRN","34784676","3.1101","United States"
"715","LianBio","LIAN","34472096","0.319","United States"
"716","Renalytix","RENX.L","34405354","0.0787274","United Kingdom"
"717","Renovaro Biosciences","RENB","33822732","1.42","United States"
"718","Rein Therapeutics","RNTX","33641312","1.2798","United States"
"719","Genenta Science","GNTA","33142480","1.4144","Italy"
"720","Werewolf Therapeutics","HOWL","31677334","0.6526","United States"
"721","Cingulate","CING","30068960","4.45","United States"
"722","AN2 Therapeutics","ANTX","29868208","1.09","United States"
"723","Aytu BioScience","AYTU","29858582","2.9307","United States"
"724","Barinthus Biotherapeutics","BRNS","29806158","0.73","United Kingdom"
"725","Rallybio","RLYB","29359424","0.695","United States"
"726","Palatin Technologies","PTN","29229994","17.1671","United States"
"727","Senti Biosciences","SNTI","29130250","1.108","United States"
"728","BioAtla","BCAB","29090326","0.4948","United States"
"729","Skye Bioscience","SKYE","28787600","0.898","United States"
"730","Cryo-Cell","CCEL","28756084","3.5699","United States"
"731","Dare Bioscience","DARE","28538448","1.9972","United States"
"732","GenSight Biologics","SIGHT.PA","27229115","0.123509","France"
"733","Boundless Bio","BOLD","27198520","1.215","United States"
"734","VistaGen Therapeutics","VTGN","27058334","0.6851","United States"
"735","SCYNEXIS","SCYX","26484146","0.6311","United States"
"736","NanoViricides","NNVC","25882118","1.2","United States"
"737","LakeShore Biopharma","LSB","25840356","0.627","China"
"738","Athira Pharma","ATHA","25753876","6.53","United States"
"739","Intensity Therapeutics","INTS","23785726","0.396","United States"
"740","Serina Therapeutics","SER","22793370","2.1374","United States"
"741","Scienture Holdings","SCNX","21757802","0.5355","United States"
"742","Elevation Oncology","ELEV","21627310","0.365","United States"
"743","180 Life Sciences","ATNF","21620372","3.58","United States"
"744","Neuphoria Therapeutics","NEUP","20675830","3.845","United States"
"745","Inotiv","NOTV","19170052","0.5578","United States"
"746","Evoke Pharma","EVOK","18946510","11","United States"
"747","TherapeuticsMD","TXMD","18834962","1.6273","United States"
"748","VYNE Therapeutics","VYNE","18726942","0.5626","United States"
"749","Citius Pharmaceuticals","CTXR","18501834","0.8911","United States"
"750","Iterum Therapeutics","ITRM","18449294","0.3495","Ireland"
"751","Nymox Pharmaceutical","NYMX","18253022","0.2","Bahamas"
"752","Alligator Bioscience AB","ATORX.ST","17968543","0.0361288","Sweden"
"753","Pieris Pharmaceuticals","PIRS","17955264","13.6","United States"
"754","Aeterna Zentaris","AEZS","17512866","5.72","United States"
"755","AEON Biopharma","AEON","16699381","1.2101","United States"
"756","CASI Pharmaceuticals","CASI","16644100","0.81","United States"
"757","Hoth Therapeutics","HOTH","16445170","1.06","United States"
"758","Bionano Genomics","BNGO","16322304","1.604","United States"
"759","Cadrenal Therapeutics","CVKD","16217950","6.9363","United States"
"760","CytoMed Therapeutics","GDTC","16192523","1.38","Singapore"
"761","Psychemedics","PMD","15738209","2.67","United States"
"762","FibroBiologics","FBLG","15539008","0.2336","United States"
"763","Portage Biotech","PRTG","15517402","6.81","British Virgin Islands"
"764","Kala Pharmaceuticals","KALA","14714750","0.6329","United States"
"765","Cocrystal Pharma","COCP","14611109","1.06","United States"
"766","Synlogic","SYBX","14560475","1.2446","United States"
"767","Adaptimmune Therapeutics","ADAP","14551333","0.0549","United Kingdom"
"768","Applied Therapeutics","APLT","14300197","0.0991","United States"
"769","Soligenix","SNGX","14271874","1.415","United States"
"770","Tempest Therapeutics","TPST","14197617","2.8815","United States"
"771","Trinity Biotech","TRIB","14065311","0.7549","Ireland"
"772","Imunon","IMNN","13941455","4.1","United States"
"773","BioLineRx","BLRX","13495233","2.875","Israel"
"774","Curis","CRIS","13187430","1.02","United States"
"775","Phio Pharmaceuticals","PHIO","12640723","1.145","United States"
"776","Mangoceuticals","MGRX","12409745","0.8103","United States"
"777","Longeveron","LGVN","11861081","0.556","United States"
"778","Quoin Pharmaceuticals","QNRX","11468816","13.67","United States"
"779","Mainz Biomed","MYNZ","11325178","1.25","Germany"
"780","HOOKIPA Pharma","HOOK","11035624","0.895","United States"
"781","Bullfrog AI","BFRG","10348639","0.907","United States"
"782","GlycoMimetics","GLYC","10131540","0.157","United States"
"783","Futura Medical","FUM.L","9784573","0.0168374","United Kingdom"
"784","Addex Therapeutics","ADXN","9535664","7.74","Switzerland"
"785","SeaStar Medical","ICU","9484001","0.2631","United States"
"786","Gelteq Limited","GELS","9343258","0.8723","Australia"
"787","BioNexus Gene Lab","BGLC","9266237","3.92","Malaysia"
"788","Oncodesign Precision Medicine","ALOPM.PA","9264828","0.509942","France"
"789","Eterna Therapeutics","ERNA","9183201","1.17","United States"
"790","Biofrontera","BFRI","8737407","0.7501","United States"
"791","Aptorum Group","APM","8632382","1.06","Hong Kong"
"792","Pulmatrix","PULM","8290689","2.27","United States"
"793","Turnstone Biologics","TSBX","8214948","0.355","United States"
"794","Propanc Biopharma","PPCB","7617619","0.57","Australia"
"795","Biomerica","BMRA","7517313","2.55","United States"
"796","Evolva Holding SA","EVE.SW","7354744","1.01986","Switzerland"
"797","Applied DNA Sciences","APDN","7258033","5.62","United States"
"798","Alaunos Therapeutics","TCRT","7231126","3.24","United States"
"799","Adial Pharmaceuticals","ADIL","6657067","0.2498","United States"
"800","Sonoma Pharmaceuticals","SNOA","6532131","3.84","United States"
"801","Redhill Biopharma","RDHL","6467254","1.27","Israel"
"802","BrainStorm Cell Therapeutics","BCLI","6182785","0.5603","United States"
"803","Titan Pharmaceuticals","TTNP","6132379","4.61","United States"
"804","Aprea Therapeutics","APRE","6011903","0.8596","United States"
"805","Lyra Therapeutics","LYRA","5865985","3.305","United States"
"806","bioAffinity Technologies","BIAF","5623386","1.25","United States"
"807","Avalon GloboCare","ALBT","5293751","1.245","United States"
"808","Talis Biomedical","TLIS","5176808","2.84","United States"
"809","Cyclerion Therapeutics","CYCN","5100324","1.34","United States"
"810","Xenetic Biosciences","XBIO","4937225","2.155","United States"
"811","Galmed Pharmaceuticals","GLMD","4731865","0.8636","Israel"
"812","Can Fite Biopharma","CANF","4604086","0.2","Israel"
"813","Mallinckrodt Pharmaceuticals","MNK","4520986","0.3402","United Kingdom"
"814","Eagle Pharmaceuticals","EGRX","4405797","0.34","United States"
"815","Aptose Biosciences","APTO","4364655","1.71","Canada"
"816","Jaguar Health","JAGX","4221771","1.011","United States"
"817","Matinas BioPharma","MTNB","4164024","0.65","United States"
"818","Ensysce Biosciences","ENSC","3795754","1.045","United States"
"819","Organovo","ONVO","3672000","2.04","United States"
"820","AIM ImmunoTech","AIM","3614577","1.23","United States"
"821","Oragenics","OGEN","3460042","0.8301","United States"
"822","Unity Biotechnology","UBX","3444161","0.2001","United States"
"823","Azitra","AZTR","2994506","0.2788","United States"
"824","Affimed","AFMD","2975202","0.1815","Germany"
"825","Arcadia Biosciences","RKDA","2959073","2.155","United States"
"826","Vaccinex","VCNX","2944300","1.1","United States"
"827","Virax Biolabs","VRAX","2848371","0.3837","United Kingdom"
"828","iSpecimen","ISPC","2803313","0.2869","United States"
"829","PainReform","PRFX","2745828","0.7013","Israel"
"830","Clearside Biomedical","CLSD","2145948","0.41","United States"
"831","Carisma Therapeutics","CARM","1866290","0.0446","United States"
"832","Nuwellis","NUWE","1787186","1.9799","United States"
"833","ProPhase Labs","PRPH","1518533","0.3626","United States"
"834","Evofem Biosciences","EVFM","1178179","0.0093","United States"
"835","Altamira Therapeutics","CYTO","1133556","0.3","Bermuda"
"836","Biora Therapeutics","BIOR","994994","0.22","United States"
"837","Lipella Pharmaceuticals","LIPO","908918","0.1967","United States"
"838","Lucy Scientific Discovery","LSDI","906910","0.5139","Canada"
"839","Hepion Pharmaceuticals","HEPA","697219","0.06","United States"
"840","NuCana","NCNA","548154","0.0885","United Kingdom"
"841","Viracta Therapeutics","VIRX","388698","0.00978","United States"
"842","Petros Pharmaceuticals","PTPI","317791","0.0075","United States"
"843","Ocean Biomedical","OCEA","302074","0.0013","United States"
"844","Telesis Bio","TBIO","88791","0.05","United States"
"845","Vincerx Pharma","VINC","68045","0.013","United States"
"846","Vaxxinity","VAXX","50713","0.0004","United States"
"847","PaxMedica","PXMD","12563","0.0001","United States"
"848","Trevena","TRVN","10365","0.012","United States"
"849","Syros Pharmaceuticals","SYRS","5366","0.0002","United States"
"850","eFFECTOR Therapeutics","EFTR","940","0.0002","United States"
"851","Calithera Biosciences","CALA","487","0.0001","United States"
